ID,"Tên khách hàng",Email,"Số điện thoại","Địa chỉ","Ngày đăng ký","Trạng thái"
1,"Nguyễn Thị Nga ",ngothebao@gmail.com,84+0235243634,"TDP Sơn Hải-Phường Ninh Hải","2025-05-15 14:21:42","Đang hoạt động"
2,"Nguyen Van A",nguyenvana@example.com,84+0123456789,"123 Main Street, Hanoi","2025-05-15 15:16:09","Đang hoạt động"
3,"Tran Thi B",tranthib@example.com,84+0987654321,"456 Second Street, Ho Chi Minh City","2025-05-15 15:16:09","Đang hoạt động"
4,"Le Van C",levanc@example.com,84+0912345678,"789 Third Street, Da Nang","2025-05-15 15:16:09","Đang hoạt động"
5,"Pham Thi D",phamthid@example.com,84+0908765432,"321 Fourth Street, Hai Phong","2025-05-15 15:18:03","Đang hoạt động"
6,"Bui Van E",buivane@example.com,84+0976543210,"654 Fifth Street, Can Tho","2025-05-15 15:18:03","Đang hoạt động"
7,"Do Thi F",dothif@example.com,84+0932123456,"987 Sixth Street, Nha Trang","2025-05-15 15:18:03","Đang hoạt động"
8,"Nguyen Van G",nguyenvang@example.com,84+0911223344,"111 Seventh Street, Vinh","2025-05-15 15:18:03","Đang hoạt động"
9,"Tran Thi H",tranthih@example.com,84+0922334455,"222 Eighth Street, Quang Ninh","2025-05-15 15:18:03","Đang hoạt động"
10,"Le Van I",levani@example.com,84+0933445566,"333 Ninth Street, Lao Cai","2025-05-15 15:18:03","Đang hoạt động"
11,"Pham Thi J",phamthij@example.com,84+0944556677,"444 Tenth Street, Thanh Hoa","2025-05-15 15:18:03","Đang hoạt động"
12,"Hoang Van K",hoangvank@example.com,84+0955667788,"555 Eleventh Street, Bac Ninh","2025-05-15 15:18:03","Đang hoạt động"
13,"Vu Thi L",vuthil@example.com,84+0966778899,"666 Twelfth Street, Nam Dinh","2025-05-15 15:18:03","Đang hoạt động"
14,"Nguyen Van M",nguyenvanm@example.com,84+0977889900,"777 Thirteenth Street, Ha Tinh","2025-05-15 15:18:03","Đang hoạt động"
15,"Tran Thi N",tranthin@example.com,84+0988990011,"888 Fourteenth Street, Quang Binh","2025-05-15 15:18:03","Đang hoạt động"
16,"Le Van O",levano@example.com,84+0999001122,"999 Fifteenth Street, Quang Tri","2025-05-15 15:18:03","Đang hoạt động"
17,"Pham Thi P",phamthip@example.com,84+0900112233,"101 Sixteenth Street, Hue","2025-05-15 15:18:03","Đang hoạt động"
18,"Hoang Van Q",hoangvanq@example.com,84+0911223345,"102 Seventeenth Street, Da Lat","2025-05-15 15:18:03","Đang hoạt động"
19,"Vu Thi R",vuthir@example.com,84+0922334456,"103 Eighteenth Street, Vung Tau","2025-05-15 15:18:03","Đang hoạt động"
20,"Nguyen Van S",nguyenvans@example.com,84+0933445567,"104 Nineteenth Street, Phan Thiet","2025-05-15 15:18:03","Đang hoạt động"
21,"Tran Thi T",tranthit@example.com,84+0944556678,"105 Twentieth Street, Bien Hoa","2025-05-15 15:18:03","Đang hoạt động"
22,"Le Van U",levanu@example.com,84+0955667789,"106 Twenty-first Street, Long An","2025-05-15 15:18:03","Đang hoạt động"
23,"Pham Thi V",phamthiv@example.com,84+0966778890,"107 Twenty-second Street, Tay Ninh","2025-05-15 15:18:03","Đang hoạt động"
24,"Hoang Van W",hoangvanw@example.com,84+0977889901,"108 Twenty-third Street, Soc Trang","2025-05-15 15:18:03","Đang hoạt động"
25,"Vu Thi X",vuthix@example.com,84+0988990012,"109 Twenty-fourth Street, Bac Lieu","2025-05-15 15:18:03","Đang hoạt động"
26,"Nguyen Van Y",nguyenvany@example.com,84+0999001123,"110 Twenty-fifth Street, Ca Mau","2025-05-15 15:18:03","Đang hoạt động"
27,"Tran Thi Z",tranthiz@example.com,84+0900112234,"111 Twenty-sixth Street, Kien Giang","2025-05-15 15:18:03","Đang hoạt động"
28,"Le Van AA",levanaa@example.com,84+0911223346,"112 Twenty-seventh Street, An Giang","2025-05-15 15:18:03","Đang hoạt động"
29,"Pham Thi BB",phamthibb@example.com,84+0922334457,"113 Twenty-eighth Street, Dong Thap","2025-05-15 15:18:03","Đang hoạt động"
30,"Hoang Van CC",hoangvancc@example.com,84+0933445568,"114 Twenty-ninth Street, Ben Tre","2025-05-15 15:18:03","Đang hoạt động"
31,"Vu Thi DD",vuthidd@example.com,84+0944556679,"115 Thirtieth Street, Tien Giang","2025-05-15 15:18:03","Đang hoạt động"
32,"Nguyen Van EE",nguyenvanee@example.com,84+0955667790,"116 Thirty-first Street, Tra Vinh","2025-05-15 15:18:03","Đang hoạt động"
33,"Tran Thi FF",tranthiff@example.com,84+0966778891,"117 Thirty-second Street, Vinh Long","2025-05-15 15:18:03","Đang hoạt động"
34,"Le Van GG",levangg@example.com,84+0977889902,"118 Thirty-third Street, Hau Giang","2025-05-15 15:18:03","Đang hoạt động"
35,"Pham Thi HH",phamthihh@example.com,84+0988990013,"119 Thirty-fourth Street, Can Tho","2025-05-15 15:18:03","Đang hoạt động"
36,"Hoang Van II",hoangvanii@example.com,84+0999001124,"120 Thirty-fifth Street, Soc Trang","2025-05-15 15:18:03","Đang hoạt động"
37,"Vu Thi JJ",vuthijj@example.com,84+0900112235,"121 Thirty-sixth Street, Bac Lieu","2025-05-15 15:18:03","Đang hoạt động"
38,"Nguyen Van KK",nguyenvankk@example.com,84+0911223347,"122 Thirty-seventh Street, Ca Mau","2025-05-15 15:18:03","Đang hoạt động"
39,"Tran Thi LL",tranthill@example.com,84+0922334458,"123 Thirty-eighth Street, Kien Giang","2025-05-15 15:18:03","Đang hoạt động"
40,"Le Van MM",levanmm@example.com,84+0933445569,"124 Thirty-ninth Street, An Giang","2025-05-15 15:18:03","Đang hoạt động"
41,"Pham Thi NN",phamthinn@example.com,84+0944556680,"125 Fortieth Street, Dong Thap","2025-05-15 15:18:03","Đang hoạt động"
42,"Hoang Van OO",hoangvanoo@example.com,84+0955667791,"126 Forty-first Street, Ben Tre","2025-05-15 15:18:03","Đang hoạt động"
43,"Vu Thi PP",vuthipp@example.com,84+0966778892,"127 Forty-second Street, Tien Giang","2025-05-15 15:18:03","Đang hoạt động"
44,"Nguyen Van QQ",nguyenvanqq@example.com,84+0977889903,"128 Forty-third Street, Tra Vinh","2025-05-15 15:18:03","Đang hoạt động"
45,"Tran Thi RR",tranthirr@example.com,84+0988990014,"129 Forty-fourth Street, Vinh Long","2025-05-15 15:18:03","Đang hoạt động"
46,"Le Van SS",levanss@example.com,84+0999001125,"130 Forty-fifth Street, Hau Giang","2025-05-15 15:18:03","Đang hoạt động"
47,"Pham Thi TT",phamthitt@example.com,84+0900112236,"131 Forty-sixth Street, Can Tho","2025-05-15 15:18:03","Đang hoạt động"
48,"Hoang Van UU",hoangvanuu@example.com,84+0911223348,"132 Forty-seventh Street, Soc Trang","2025-05-15 15:18:03","Đang hoạt động"
49,"Vu Thi VV",vuthivv@example.com,84+0922334459,"133 Forty-eighth Street, Bac Lieu","2025-05-15 15:18:03","Đang hoạt động"
50,"Nguyen Van WW",nguyenvanww@example.com,84+0933445570,"134 Forty-ninth Street, Ca Mau","2025-05-15 15:18:03","Đang hoạt động"
51,"Tran Thi XX",tranthixx@example.com,84+0944556681,"135 Fiftieth Street, Kien Giang","2025-05-15 15:18:03","Đang hoạt động"
